{
    "FieldID_DATUM": 1671203881.0347028,
    "FieldID_RAST_1": 1671203886.0908687,
    "FieldID_RAST_2": 1671203886.2773826,
    "FieldID_RAST_3": 1671203947.2134545,
    "FieldID_ABMAISCHEN_ZEIT": 1671204088.5151186,
    "FieldID_KOCHEN_START_ZEIT": 1671204110.7942622,
    "FieldID_KOCHEN_1HOPFEN": 1671204110.8444812,
    "FieldID_KOCHEN_END_ZEIT": 1671204341.6439857
}