{
    "FieldID_DATUM": 1671125017.1194904,
    "rast0": 1671125021.5923495,
    "rast1": 1671125321.8998575
}