{
    "FieldID_DATUM": 1671199942.307858,
    "FieldID_RAST_1": 1671199945.0532408,
    "FieldID_RAST_2": 1671199945.223797,
    "FieldID_RAST_3": 1671200008.460487,
    "FieldID_ABMAISCHEN_ZEIT": 1671200165.0778844,
    "FieldID_KOCHEN_START_ZEIT": 1671200225.6123157,
    "FieldID_KOCHEN_1HOPFEN": 1671200225.6961672,
    "FieldID_KOCHEN_END_ZEIT": 1671200472.1831517
}