{
    "FieldID_DATUM": 1671221445.6934943,
    "FieldID_RAST_1": 1671221658.5100405,
    "FieldID_RAST_2": 1671221659.4889026
}