{
    "FieldID_DATUM": 1671204709.7674441,
    "FieldID_RAST_1": 1671204713.8740444,
    "FieldID_RAST_2": 1671204714.0971498,
    "FieldID_RAST_3": 1671204776.7078743,
    "FieldID_ABMAISCHEN_ZEIT": 1671204915.854439,
    "FieldID_KOCHEN_START_ZEIT": 1671204966.2073014,
    "FieldID_KOCHEN_1HOPFEN": 1671204966.3033202,
    "FieldID_KOCHEN_END_ZEIT": 1671205193.541417
}