{
    "FieldID_DATUM": 1671173701.078411,
    "rast0": 1671173708.8725247,
    "rast1": 1671174008.9688635,
    "rast2": 1671174676.333048
}